{"cameraMode":{"drawMode":0,"name":"Shaded","section":"Shading Mode"},"sceneLighting":true,"audioPlay":false,"sceneViewState":{"showFog":false,"showMaterialUpdate":false,"showSkybox":false,"showFlares":false,"showImageEffects":false,"showParticleSystems":false},"in2DMode":false,"pivot":{"x":442.352294921875,"y":356.935302734375,"z":33.22052001953125},"rotation":{"x":-0.12894783914089204,"y":-0.005358011927455664,"z":0.0006967019871808589,"w":-0.9916375875473023},"size":564.2764282226563,"orthographic":false}