{"cameraMode":{"drawMode":0,"name":"Shaded","section":"Shading Mode"},"sceneLighting":true,"audioPlay":false,"sceneViewState":{"showFog":false,"showMaterialUpdate":false,"showSkybox":false,"showFlares":false,"showImageEffects":false,"showParticleSystems":false},"in2DMode":false,"pivot":{"x":408.9999694824219,"y":229.99998474121095,"z":0.0},"rotation":{"x":-0.12894783914089204,"y":-0.005358011927455664,"z":0.0006967019871808589,"w":-0.9916375875473023},"size":347.7063903808594,"orthographic":false}