{"cameraMode":{"drawMode":0,"name":"Shaded","section":"Shading Mode"},"sceneLighting":true,"audioPlay":false,"sceneViewState":{"showFog":false,"showMaterialUpdate":false,"showSkybox":false,"showFlares":false,"showImageEffects":false,"showParticleSystems":false},"in2DMode":false,"pivot":{"x":635.6416015625,"y":260.9119567871094,"z":-0.04451220482587814},"rotation":{"x":-0.052726611495018008,"y":0.04701428487896919,"z":-0.0024850398767739536,"w":-0.9974996447563171},"size":761.4091186523438,"orthographic":false}