{"cameraMode":{"drawMode":0,"name":"Shaded","section":"Shading Mode"},"sceneLighting":true,"audioPlay":false,"sceneViewState":{"showFog":false,"showMaterialUpdate":false,"showSkybox":false,"showFlares":false,"showImageEffects":false,"showParticleSystems":false},"in2DMode":false,"pivot":{"x":378.9916076660156,"y":212.9951629638672,"z":-0.0008090087212622166},"rotation":{"x":-0.12680761516094209,"y":-0.1004035472869873,"z":0.012902779504656792,"w":-0.9867525696754456},"size":332.62896728515627,"orthographic":false}