{"cameraMode":{"drawMode":0,"name":"Shaded","section":"Shading Mode"},"sceneLighting":true,"audioPlay":false,"sceneViewState":{"showFog":false,"showMaterialUpdate":false,"showSkybox":false,"showFlares":false,"showImageEffects":false,"showParticleSystems":false},"in2DMode":false,"pivot":{"x":376.46405029296877,"y":238.5316619873047,"z":8.305078506469727},"rotation":{"x":-0.09167652577161789,"y":-0.009860670194029808,"z":0.000907745270524174,"w":-0.9957443475723267},"size":473.0318298339844,"orthographic":false}